<application>
  <component name="ProjectJdkTable">
    <jdk version="2">
      <name value="Python 3.7" />
      <type value="Python SDK" />
      <homePath value="D:\Programs\Python\Python37\python.exe" />
      <roots>
        <classPath>
          <root type="composite">
            <root url="file://D:/Programs/Python/Python37/DLLs" type="simple" />
            <root url="file://D:/Programs/Python/Python37/Lib" type="simple" />
            <root url="file://D:/Programs/Python/Python37" type="simple" />
            <root url="file://$USER_HOME$/AppData/Roaming/Python/Python37/site-packages" type="simple" />
            <root url="file://D:/Programs/Python/Python37/Lib/site-packages" type="simple" />
            <root url="file://$USER_HOME$/.PyCharmCE2019.3/system/python_stubs/201831395" type="simple" />
            <root url="file://$APPLICATION_HOME_DIR$/plugins/python-ce/helpers/python-skeletons" type="simple" />
            <root url="file://$APPLICATION_HOME_DIR$/plugins/python-ce/helpers/typeshed/stdlib/3" type="simple" />
            <root url="file://$APPLICATION_HOME_DIR$/plugins/python-ce/helpers/typeshed/stdlib/2and3" type="simple" />
            <root url="file://$APPLICATION_HOME_DIR$/plugins/python-ce/helpers/typeshed/third_party/3" type="simple" />
            <root url="file://$APPLICATION_HOME_DIR$/plugins/python-ce/helpers/typeshed/third_party/2and3" type="simple" />
          </root>
        </classPath>
        <sourcePath>
          <root type="composite" />
        </sourcePath>
      </roots>
      <additional />
    </jdk>
    <jdk version="2">
      <name value="Python 3.8 (venv)" />
      <type value="Python SDK" />
      <homePath value="D:\InventWithPython_resources\venv\Scripts\python.exe" />
      <roots>
        <classPath>
          <root type="composite">
            <root url="file://D:/Programs/Python/Python38/DLLs" type="simple" />
            <root url="file://D:/Programs/Python/Python38/Lib" type="simple" />
            <root url="file://D:/Programs/Python/Python38" type="simple" />
            <root url="file://D:/InventWithPython_resources/venv" type="simple" />
            <root url="file://D:/InventWithPython_resources/venv/Lib/site-packages" type="simple" />
            <root url="file://D:/Programs/Python/Python38/Lib/site-packages" type="simple" />
            <root url="jar://D:/Programs/Python/Python38/Lib/site-packages/ChatterBot-1.1.0-py3.8.egg!/" type="simple" />
            <root url="jar://D:/Programs/Python/Python38/Lib/site-packages/sqlalchemy-1.3.16-py3.8-win-amd64.egg!/" type="simple" />
            <root url="file://D:/Programs/Python/Python38/Lib/site-packages/win32" type="simple" />
            <root url="file://D:/Programs/Python/Python38/Lib/site-packages/win32/lib" type="simple" />
            <root url="file://D:/Programs/Python/Python38/Lib/site-packages/pythonwin" type="simple" />
            <root url="file://$USER_HOME$/AppData/Local/JetBrains/PyCharmCE2020.1/python_stubs/-1584561397" type="simple" />
            <root url="file://$APPLICATION_HOME_DIR$/plugins/python-ce/helpers/python-skeletons" type="simple" />
            <root url="file://$APPLICATION_HOME_DIR$/plugins/python-ce/helpers/typeshed/stdlib/3.7" type="simple" />
            <root url="file://$APPLICATION_HOME_DIR$/plugins/python-ce/helpers/typeshed/stdlib/3" type="simple" />
            <root url="file://$APPLICATION_HOME_DIR$/plugins/python-ce/helpers/typeshed/stdlib/2and3" type="simple" />
            <root url="file://$APPLICATION_HOME_DIR$/plugins/python-ce/helpers/typeshed/third_party/3" type="simple" />
            <root url="file://$APPLICATION_HOME_DIR$/plugins/python-ce/helpers/typeshed/third_party/2and3" type="simple" />
          </root>
        </classPath>
        <sourcePath>
          <root type="composite" />
        </sourcePath>
      </roots>
      <additional />
    </jdk>
    <jdk version="2">
      <name value="Python 3.8" />
      <type value="Python SDK" />
      <version value="Python 3.8.2" />
      <homePath value="D:\Programs\Python\Python38\python.exe" />
      <roots>
        <classPath>
          <root type="composite">
            <root url="file://D:/Programs/Python/Python38/DLLs" type="simple" />
            <root url="file://D:/Programs/Python/Python38/Lib" type="simple" />
            <root url="file://D:/Programs/Python/Python38" type="simple" />
            <root url="file://D:/Programs/Python/Python38/Lib/site-packages" type="simple" />
            <root url="jar://D:/Programs/Python/Python38/Lib/site-packages/ChatterBot-1.1.0-py3.8.egg!/" type="simple" />
            <root url="jar://D:/Programs/Python/Python38/Lib/site-packages/sqlalchemy-1.3.16-py3.8-win-amd64.egg!/" type="simple" />
            <root url="file://D:/Programs/Python/Python38/Lib/site-packages/win32" type="simple" />
            <root url="file://D:/Programs/Python/Python38/Lib/site-packages/win32/lib" type="simple" />
            <root url="file://D:/Programs/Python/Python38/Lib/site-packages/pythonwin" type="simple" />
            <root url="file://$USER_HOME$/AppData/Local/JetBrains/PyCharmCE2020.1/python_stubs/330914114" type="simple" />
            <root url="file://$APPLICATION_HOME_DIR$/plugins/python-ce/helpers/python-skeletons" type="simple" />
            <root url="file://$APPLICATION_HOME_DIR$/plugins/python-ce/helpers/typeshed/stdlib/3.7" type="simple" />
            <root url="file://$APPLICATION_HOME_DIR$/plugins/python-ce/helpers/typeshed/stdlib/3" type="simple" />
            <root url="file://$APPLICATION_HOME_DIR$/plugins/python-ce/helpers/typeshed/stdlib/2and3" type="simple" />
            <root url="file://$APPLICATION_HOME_DIR$/plugins/python-ce/helpers/typeshed/third_party/3" type="simple" />
            <root url="file://$APPLICATION_HOME_DIR$/plugins/python-ce/helpers/typeshed/third_party/2and3" type="simple" />
          </root>
        </classPath>
        <sourcePath>
          <root type="composite" />
        </sourcePath>
      </roots>
      <additional />
    </jdk>
  </component>
</application>