<application>
  <component name="ProjectManager">
    <defaultProject>
      <component name="GitSharedSettings">
        <option name="FORCE_PUSH_PROHIBITED_PATTERNS">
          <list />
        </option>
      </component>
      <component name="GithubDefaultAccount">
        <option name="defaultAccountId" value="cbb421b0-1463-4680-a892-3803702c68e7" />
      </component>
      <component name="ProjectRootManager" version="2" project-jdk-name="Python 3.8" project-jdk-type="Python SDK" />
      <component name="PropertiesComponent">
        <property name="settings.editor.selected.configurable" value="preferences.lookFeel" />
      </component>
      <component name="SvnConfiguration">
        <configuration>C:\Users\徐子睿\AppData\Roaming\Subversion</configuration>
      </component>
    </defaultProject>
  </component>
</application>