<application>
  <component name="AppStorage">
    <histories>
      <item value="convenience" />
      <item value="negative" />
      <item value="如果添加行时未设定值，将默认使用default里的值" />
      <item value="表格行数" />
      <item value="表格所包含的信息" />
      <item value="表格内容" />
      <item value="文档补充" />
      <item value="对象概述" />
      <item value="参数" />
      <item value="methods" />
      <item value="方法" />
      <item value="Directory Structure" />
      <item value="目录结构" />
      <item value="&quot;&quot;&quot; Table Class One of the mose basic and important class Attributes ---------- 1. name -&gt; str The name of the Table 2. owner -&gt; Database Who this Table belongs to 3. content -&gt; Dict[str, list]" />
    </histories>
    <option name="languageScores">
      <map>
        <entry key="CHINESE" value="4" />
        <entry key="ENGLISH" value="4" />
      </map>
    </option>
  </component>
  <component name="Settings">
    <option name="ignoreRegExp" value="" />
  </component>
</application>