<toolSet name="External Tools">
  <tool name="AutoPep8" description="AutoPep8" showInMainMenu="false" showInEditor="false" showInProject="false" showInSearchPopup="false" disabled="false" useConsole="true" showConsoleOnStdOut="false" showConsoleOnStdErr="false" synchronizeAfterRun="true">
    <exec>
      <option name="COMMAND" value="autopep8" />
      <option name="PARAMETERS" value="--in-place --aggressive $FilePath$" />
      <option name="WORKING_DIRECTORY" value="$ProjectFileDir$" />
    </exec>
    <filter>
      <option name="NAME" value="No name" />
      <option name="DESCRIPTION" />
      <option name="REGEXP" value="$FILE_PATH$\:$LINE$\:$COLUMN$\:.*" />
    </filter>
  </tool>
  <tool name="pyuic" description="ui--&gt;py" showInMainMenu="false" showInEditor="false" showInProject="false" showInSearchPopup="false" disabled="false" useConsole="true" showConsoleOnStdOut="false" showConsoleOnStdErr="false" synchronizeAfterRun="true">
    <exec>
      <option name="COMMAND" value="D:\Programs\Python\Python37\Scripts\pyuic5.exe" />
      <option name="PARAMETERS" value="-o $FileNameWithoutExtension$.py $FileName$" />
      <option name="WORKING_DIRECTORY" value="$FileDir$" />
    </exec>
    <filter>
      <option name="NAME" value="No name" />
      <option name="DESCRIPTION" />
      <option name="REGEXP" value="$FILE_PATH$\:$LINE$\:$COLUMN$\:.*" />
    </filter>
  </tool>
</toolSet>