<profile version="1.0">
  <option name="myName" value="Default" />
  <inspection_tool class="PyBroadExceptionInspection" enabled="false" level="WEAK WARNING" enabled_by_default="false" />
  <inspection_tool class="PyPep8Inspection" enabled="true" level="WEAK WARNING" enabled_by_default="true">
    <option name="ignoredErrors">
      <list>
        <option value="E303" />
        <option value="E231" />
        <option value="E261" />
        <option value="E262" />
        <option value="E305" />
        <option value="E302" />
        <option value="E265" />
        <option value="E501" />
        <option value="E117" />
        <option value="E722" />
        <option value="W292" />
        <option value="E114" />
        <option value="E711" />
        <option value="E115" />
        <option value="E272" />
        <option value="E225" />
        <option value="E128" />
        <option value="E122" />
        <option value="E131" />
        <option value="W605" />
        <option value="E741" />
      </list>
    </option>
  </inspection_tool>
  <inspection_tool class="PyPep8NamingInspection" enabled="true" level="WEAK WARNING" enabled_by_default="true">
    <option name="ignoredErrors">
      <list>
        <option value="N801" />
        <option value="N802" />
        <option value="N803" />
        <option value="N806" />
      </list>
    </option>
  </inspection_tool>
  <inspection_tool class="PyShadowingBuiltinsInspection" enabled="true" level="WEAK WARNING" enabled_by_default="true">
    <option name="ignoredNames">
      <list>
        <option value="str" />
        <option value="dir" />
        <option value="list" />
        <option value="id" />
        <option value="print" />
      </list>
    </option>
  </inspection_tool>
  <inspection_tool class="PyUnresolvedReferencesInspection" enabled="false" level="WARNING" enabled_by_default="false">
    <option name="ignoredIdentifiers">
      <list>
        <option value="cp.main.Ui_MainWindow" />
        <option value="bs4.element.PageElement.find" />
        <option value="bs4.element.PageElement.find_all" />
        <option value="excel.xlsx" />
        <option value="openpyxl.InvalidFileException" />
      </list>
    </option>
  </inspection_tool>
  <inspection_tool class="PyUnusedLocalInspection" enabled="false" level="WEAK WARNING" enabled_by_default="false" />
</profile>